{
  "manifest_version": 3,
  "version": "1.0",
  "name": "Matugen Deep Dark",
  "description": "Auto-generated Deep Void theme",
  "theme": {
    "colors": {
      "frame": [
        {{colors.surface_container_lowest.default.red | set_lightness: 2.0}},
        {{colors.surface_container_lowest.default.green | set_lightness: 2.0}},
        {{colors.surface_container_lowest.default.blue | set_lightness: 2.0}}
      ],
      "frame_inactive": [
        {{colors.surface_container_lowest.default.red | set_lightness: 2.0}},
        {{colors.surface_container_lowest.default.green | set_lightness: 2.0}},
        {{colors.surface_container_lowest.default.blue | set_lightness: 2.0}}
      ],
      "toolbar": [
        {{colors.surface_container_lowest.default.red | set_lightness: 3.0}},
        {{colors.surface_container_lowest.default.green | set_lightness: 3.0}},
        {{colors.surface_container_lowest.default.blue | set_lightness: 3.0}}
      ],
      "tab_text": [
        {{colors.on_surface_variant.default.red}},
        {{colors.on_surface_variant.default.green}},
        {{colors.on_surface_variant.default.blue}}
      ],
      "tab_background_text": [
        {{colors.on_surface_variant.default.red}},
        {{colors.on_surface_variant.default.green}},
        {{colors.on_surface_variant.default.blue}}
      ],
      "bookmark_text": [
        {{colors.on_surface.default.red}},
        {{colors.on_surface.default.green}},
        {{colors.on_surface.default.blue}}
      ],
      "ntp_background": [
        {{colors.surface_container_lowest.default.red | set_lightness: 2.0}},
        {{colors.surface_container_lowest.default.green | set_lightness: 2.0}},
        {{colors.surface_container_lowest.default.blue | set_lightness: 2.0}}
      ],
      "ntp_text": [
        {{colors.on_surface.default.red}},
        {{colors.on_surface.default.green}},
        {{colors.on_surface.default.blue}}
      ],
      "omnibox_background": [
        {{colors.surface_container_highest.default.red}},
        {{colors.surface_container_highest.default.green}},
        {{colors.surface_container_highest.default.blue}}
      ],
      "omnibox_text": [
        {{colors.on_surface.default.red}},
        {{colors.on_surface.default.green}},
        {{colors.on_surface.default.blue}}
      ]
    }
  }
}