{
    "editor.minimap.enabled": false,
    "workbench.colorTheme": "Default Dark Modern",
    "workbench.colorCustomizations": {
        "editor.background": "{{colors.surface_container_lowest.default.hex | set_lightness: 2.0}}",
        "editor.foreground": "{{colors.on_surface.default.hex}}",
        
        "activityBar.background": "{{colors.surface_container_lowest.default.hex | set_lightness: 2.0}}",
        "activityBar.foreground": "{{colors.primary.default.hex}}",
        "activityBar.activeBorder": "{{colors.primary.default.hex}}",
        
        "sideBar.background": "{{colors.surface_container_lowest.default.hex | set_lightness: 2.0}}",
        "sideBar.foreground": "{{colors.on_surface_variant.default.hex}}",
        "sideBarSectionHeader.background": "{{colors.surface_container_lowest.default.hex | set_lightness: 3.0}}",
        "sideBarSectionHeader.foreground": "{{colors.primary.default.hex}}",
        
        "statusBar.background": "{{colors.surface_container_lowest.default.hex | set_lightness: 4.0}}",
        "statusBar.foreground": "{{colors.on_surface.default.hex}}",
        
        "titleBar.activeBackground": "{{colors.surface_container_lowest.default.hex | set_lightness: 2.0}}",
        "titleBar.activeForeground": "{{colors.on_surface.default.hex}}",
        "titleBar.inactiveBackground": "{{colors.surface_container_lowest.default.hex | set_lightness: 2.0}}",
        
        "tab.activeBackground": "{{colors.surface_container_lowest.default.hex | set_lightness: 5.0}}",
        "tab.activeForeground": "{{colors.primary.default.hex}}",
        "tab.inactiveBackground": "{{colors.surface_container_lowest.default.hex | set_lightness: 2.0}}",
        "tab.inactiveForeground": "{{colors.on_surface_variant.default.hex}}",
        "tab.border": "{{colors.surface_container_lowest.default.hex | set_lightness: 2.0}}",
        "tab.activeBorder": "{{colors.primary.default.hex}}",
        
        "editorGroupHeader.tabsBackground": "{{colors.surface_container_lowest.default.hex | set_lightness: 2.0}}",
        "editorLineNumber.foreground": "{{colors.outline_variant.default.hex}}",
        "editorLineNumber.activeForeground": "{{colors.primary.default.hex}}",
        
        "input.background": "{{colors.surface_container_highest.default.hex}}",
        "input.foreground": "{{colors.on_surface.default.hex}}",
        "input.border": "{{colors.outline.default.hex}}",
        
        "list.activeSelectionBackground": "{{colors.primary.default.hex}}1A",
        "list.activeSelectionForeground": "{{colors.primary.default.hex}}",
        "list.hoverBackground": "{{colors.on_surface.default.hex}}0A",
        
        "scrollbarSlider.background": "{{colors.on_surface.default.hex}}1A",
        "scrollbarSlider.hoverBackground": "{{colors.on_surface.default.hex}}2A",
        "scrollbarSlider.activeBackground": "{{colors.primary.default.hex}}4A",

        "selection.background": "{{colors.primary.default.hex}}40",
        "editorCursor.foreground": "{{colors.primary.default.hex}}",
        "editor.selectionBackground": "{{colors.primary.default.hex}}33",
        "editor.selectionHighlightBackground": "{{colors.primary.default.hex}}20",
        "editor.wordHighlightBackground": "{{colors.primary.default.hex}}20"
    }
}